id,name_en,juz_id,name_ar,text,
1,Al-Fatiha,الفاتحة,1,Surat Al-Fatiha the opening chapter of the Quran holds immense spiritual significance in Islam encapsulating fundamental aspects of faith and worship. It begins with praise and glorification of Allah acknowledging His mercy and sovereignty over all creation. The chapter then transitions into a supplication for guidance seeking the straight path of righteousness and truth while recognizing the impending Day of Judgment. Al-Fatiha highlights Allah's attributes and serves as a plea for help in staying on the right path and avoiding deviation. It culminates with a reaffirmation of worship and praise for Allah solidifying its central role as a comprehensive prayer recited in every unit of Muslim prayer reflecting the essence of the entire Quran and guiding believers in their spiritual journey.
2,Al-Baqarah,البقرة,1,Surat Al-Baqarah the second chapter of the Quran is the longest chapter encompassing various aspects of faith law and guidance. It emphasizes the essence of faith the importance of charity the significance of prayer and the observance of fasting during Ramadan. The Surah narrates stories of past prophets guiding believers through their trials and tribulations emphasizing the importance of steadfastness and trust in Allah. It provides extensive guidance on social and economic matters including inheritance laws business transactions and legal provisions for marriage and divorce. Al-Baqarah encourages justice kindness and charity while warning against hypocrisy arrogance and disbelief. Overall it serves as a comprehensive guide for Muslims addressing a wide array of religious social and moral principles essential for a righteous life.
3,Aal-e-Imran,آل عمران,1, Surat Aal-e-Imran the third chapter of the Quran focuses on the unity of God recounting the story of Mary and the birth of Jesus while emphasizing the universality of faith and the challenges faced by believers. It underscores the importance of steadfastness prayer and charity detailing the adversities encountered by those who stand by their faith. The chapter addresses the People of the Book inviting them to common ground in the belief in one God and obedience to divine guidance. Aal-e-Imran discusses the significance of learning from past scriptures and prophets urging believers to remain steadfast in their convictions despite challenges. It reinforces the concept of accountability in the Hereafter and encourages humility and submission to God's will emphasizing the virtue of patience and perseverance in the face of trials.
4,An-Nisa,النساء,1,Surat An-Nisa "The Women" is the fourth chapter of the Quran comprising 176 verses predominantly addressing matters related to women family inheritance and justice. It outlines inheritance laws emphasizing fairness and proper distribution of wealth among family members. The Surah also highlights the rights of women emphasizing their protection fair treatment and the importance of justice in dealings with them. It addresses the establishment of justice within society and the need for equitable treatment regardless of gender. Additionally it discusses issues such as marriage guardianship and social responsibilities aiming to establish a society based on fairness equity and mutual respect between men and women. Surah An-Nisa emphasizes the importance of upholding justice and fulfilling rights within familial and societal contexts.
5,Al-Maeda,المائدة,1,Surat Al-Ma'idah the fifth chapter of the Quran addresses various aspects of legal and ethical principles emphasizing the importance of fulfilling contracts and covenants while providing guidelines on permissible and forbidden foods. It highlights the concept of justice advocating for fairness in dealings and addressing societal issues such as the treatment of orphans and the prohibition of gambling and intoxicants. The chapter details regulations for prayer and ablution and emphasizes the unity of the Abrahamic faiths urging mutual understanding and respect among believers. It also discusses matters related to inheritance and provides guidance on issues such as fasting pilgrimage and the consequences of breaking oaths. Overall Al-Ma'idah serves as a comprehensive guide incorporating legal ethical and moral principles while emphasizing the importance of justice integrity and faithfulness in individual conduct and societal interactions.
6,Al-Anaam,الأنعام,1,Surat Al-An'am the sixth chapter of the Quran primarily addresses the concept of monotheism ethical conduct and the consequences of disbelief. It emphasizes the oneness of God and encourages believers to ponder the signs in creation as evidence of divine existence. The chapter narrates stories of previous prophets illustrating their struggles and the responses of their communities to their messages. It stresses the importance of ethical behavior justice and righteousness in individual conduct. Al-An'am highlights the consequences of disbelief urging adherence to the guidance provided by God through His messengers. The surah aims to establish a deep understanding of monotheism ethical values and the significance of following the divine message while warning against the repercussions of rejecting it.
7,Al-Araf,الأعراف,1,Surat Al-A'raf the seventh chapter of the Quran discusses stories of past nations their prophets and their responses to divine guidance. It narrates events from the lives of various prophets emphasizing the consequences of disbelief and the importance of adhering to God's guidance. The surah highlights the persistent pattern of rejection by disbelieving nations despite receiving clear signs and warnings from their prophets. It emphasizes the necessity of reflection on these historical accounts to draw lessons for contemporary societies urging people to avoid arrogance and heed the guidance provided by God through His messengers. The chapter underlines the significance of obeying God's commands and warns against falling into the same errors and misjudgments as previous nations who faced divine punishment due to their obstinacy and disbelief.
8,Al-Anfal,الأنفال,1,Surat Al-Anfal the eighth chapter of the Quran primarily focuses on the Battle of Badr highlighting the conduct of believers in times of conflict and emphasizing the importance of unity discipline and steadfastness in facing challenges. It outlines guidelines for warfare addressing the distribution of war spoils strategies in battle and the importance of obedience to God and His Messenger. The chapter underscores the significance of trust in Allah maintaining firmness in faith and seeking His guidance in moments of adversity. Additionally it highlights the importance of preparation strategy and unity among believers when faced with challenges reminding them to stand together in defense of truth and justice while highlighting the consequences of betrayal and disobedience.
9,At-Taubah,التوبة,1,Surat Al-Tawbah also known as "The Repentance" is the ninth chapter of the Quran emphasizing the concept of repentance steadfastness and dealing with those who violate treaties or engage in hostility against the Muslim community. It discusses the dissolution of treaties with the idolaters who repeatedly breached agreements calling for a reassessment of relationships based on their behavior. The Surah stresses the importance of upholding commitments while allowing for forgiveness and repentance. It also highlights the necessity of Jihad in certain contexts especially when defending against aggression. Moreover it encourages acts of charity supports those who dedicate themselves to righteous causes and reminds believers of God's mercy and forgiveness upon sincere repentance.
10,Yunus,يونس,1,Surat Al-Yunus the 10th chapter of the Quran delves into the stories of various prophets emphasizing the universality of their messages and the consequences of disbelief. It discusses the life of Prophet Yunus (Jonah) highlighting his experience of being swallowed by a whale and his subsequent repentance emphasizing the importance of seeking forgiveness and turning to God in times of distress. The surah addresses the persistent rejection of prophets by disbelievers urging reflection on the signs of God present in the natural world and encouraging faith in His existence and oneness. It underscores the inevitability of accountability on the Day of Judgment and the repercussions of denying the truth stressing the importance of faith perseverance and seeking guidance through the teachings of the Quran.
11,Hud,هود,1, Surat Hud the eleventh chapter of the Quran is named after the prophet Hud and contains narratives of several prophets emphasizing the universal message of monotheism accountability and patience in adversity. It recounts the story of Noah's people and their rejection of his message illustrating the consequences of disbelief. The narratives of Hud Salih and Shu'ayb highlight their struggles in guiding their communities facing opposition and delivering warnings about the consequences of disobedience. The chapter emphasizes the importance of steadfastness in faith and trust in Allah amid trials. Surah Hud urges reflection on the stories of the past warning against arrogance and encouraging humility and submission to God's will emphasizing that obedience leads to success while disobedience leads to ruin.
12,Yusuf,يوسف,1,Surat Yusuf the twelfth chapter of the Quran recounts the compelling narrative of Prophet Joseph (Yusuf) in vivid detail. It begins with Yusuf recounting a dream which leads to jealousy among his brothers and their subsequent plot to get rid of him. He is sold into slavery in Egypt where his righteousness and wisdom earn him favor with his master but also lead to false accusations and imprisonment. Through various trials including interpreting dreams Yusuf's patience steadfast faith and reliance on God's guidance ultimately lead to his rise to power in Egypt. He forgives his brothers and reunites with his family emphasizing the importance of forgiveness trust in divine plans and perseverance through adversity. The story showcases divine wisdom the consequences of jealousy and betrayal and the eventual triumph of patience and righteousness.
13,Ar-Rad,الرعد,1,Surat Ar-Rad named after the thunder mentioned in its opening emphasizes the Quran's divine origin and the consequences of disbelief. It discusses the signs in the natural world as proof of God's existence urging reflection on the universe's order and complexity. This chapter accentuates the accountability of individuals for their actions stating that God does not change a people's condition until they change themselves. Ar-Rad underscores the importance of following guidance and warns against rejecting the truth reminding believers to remain steadfast and patient despite the challenges they might face. It highlights the contrast between those who believe and do righteous deeds and those who deny the truth emphasizing the ultimate outcome of both paths in the Hereafter. Ultimately the surah encourages contemplation faith and adherence to divine guidance while warning against the consequences of rejecting it.
14,Ibrahim,إبراهيم,1,Surat Ibrahim the 14th chapter of the Quran is named after the Prophet Abraham. It emphasizes gratitude worship and the consequences of rejecting faith. The chapter begins by highlighting Allah's favors and guidance towards those who are thankful. It narrates Abraham's devotion to monotheism his debates with idolaters and his supplication for the guidance of his descendants. The surah admonishes against disbelief highlighting the accountability in the Hereafter for those who reject the truth. It stresses the importance of following divine guidance calls for patience in adversity and assures believers of eventual success. The chapter underscores the inevitability of God's decree and the ultimate reward for the righteous emphasizing that those who reject faith will face dire consequences. Overall Surah Ibrahim serves as a reminder of divine blessings the significance of faith and the importance of steadfastness in the face of challenges.
15,Al-Hijr,الحجر,1,Surat Al-Hijr the 15th chapter of the Quran narrates stories of past prophets particularly focusing on the story of Prophet Lut and the people of Sodom emphasizing the consequences of their wrongdoing. It warns against arrogance and disbelief highlighting the need for humility and belief in divine guidance. The surah underscores the inevitability of divine punishment for those who deny the truth and refuse to follow the guidance provided by the prophets. It also describes the creation of human beings from clay and the eventual fate of the disbelievers who reject the messages brought by the messengers of God emphasizing the importance of heeding divine guidance and the accountability in the hereafter.
16,An-Nahl,النحل,1,Surat An-Nahl the 16th chapter of the Quran revolves around the concept of divine guidance and providence emphasizing God's signs in nature and His benevolence toward humankind. It emphasizes the gratitude owed to Allah for His countless blessings highlighting the intricate signs in creation sustenance and the guidance provided to humanity. The chapter discusses various aspects of God's creation from animals to the heavens and earth underscoring the signs of His existence. It stresses the importance of reflection upon these signs as a means to reinforce faith and understanding. Surah An-Nahl also addresses the role of messengers in delivering God's messages and calls for adherence to righteous conduct and justice. Additionally it emphasizes the importance of worshiping God alone and warns against following false deities or associating partners with Him. The chapter serves as a reminder of the divine care and guidance inherent in the natural world urging humanity to recognize and appreciate these signs while following the path of righteousness and faithfulness.
17,Al-Isra,الإسراء,1,Surat Al-Isra also known as "The Night Journey" is the 17th chapter of the Quran. It begins by narrating Prophet Muhammad's miraculous journey from Mecca to Jerusalem and then to the heavens underscoring Allah's power and the Prophet's significance. The chapter addresses themes of faith accountability and guidance emphasizing the importance of prayer charity and kindness towards parents. It highlights the significance of the Quran as a guide and warning for humanity reminding people of the Day of Judgment and the consequences of their actions. Al-Isra stresses the importance of righteousness justice and following the path of God while acknowledging the trials believers may face. The surah draws attention to previous nations' stories as lessons for reflection emphasizing the inevitability of divine justice and mercy. Overall it underscores the importance of faith moral conduct and the ultimate accountability before God.
18,Al-Kahf,الكهف,1,Surat Al-Kahf the 18th chapter of the Quran is revered for its narrative of faith trials and guidance. It opens with stories of young men seeking refuge in a cave and their miraculous preservation by Allah emphasizing the importance of faith in trying times. It then introduces the tale of Prophet Moses and Khidr highlighting the concept of divine wisdom and the realization that human understanding has limitations. The chapter proceeds to narrate the parable of a wealthy man and his two gardens cautioning against arrogance and the ephemeral nature of worldly possessions. Finally it discusses the account of Dhul-Qarnayn a righteous ruler journeying the world and upholding justice. Overall Surah Al-Kahf offers profound lessons about faith perseverance humility and the transient nature of worldly gains guiding believers through various trials by emphasizing reliance on God's wisdom and power.
19,Maryam,مريم,1,Surat Maryam the 19th chapter of the Quran is named after Mary the mother of Jesus and narrates several significant events. It begins by mentioning the miraculous birth of John (Yahya) to Zechariah and the birth of Jesus to Mary emphasizing the miraculous nature of Jesus' birth. The chapter portrays Mary's piety and dedication to God her interactions with her community and the accusations she faces due to her miraculous pregnancy. It details the conversation between Mary and the angel announcing Jesus' birth which serves as a sign from God. The surah recounts Jesus' speech in infancy defending his mother's honor and it reaffirms his prophethood. Additionally it emphasizes the Day of Judgment and warns against rejecting the truth. Overall Surah Maryam highlights the significance of prophets especially Jesus and underscores the importance of faith divine mercy and the inevitability of accountability before God.
20,Taha,طه,1,Surat Taha the 20th chapter of the Quran narrates aspects of Prophet Moses's life focusing on his mission and encounters with Pharaoh. It begins with the story of Moses's revelation and his encounter with the burning bush where Allah instructs him to go to Pharaoh with divine messages. The surah details Moses's conversation with Pharaoh presenting signs and miracles to prove his mission's authenticity. Despite witnessing these signs Pharaoh refuses to believe and challenges Moses leading to a series of confrontations. Taha emphasizes the power of faith perseverance and trust in Allah's guidance showcasing Moses's unwavering commitment to his mission despite numerous trials and rejections from Pharaoh. It highlights the ultimate victory of truth over falsehood and the consequences of rejecting divine guidance urging reflection on the story's moral lessons and the importance of steadfastness in faith.
21,Al-Anbiya,الأنبياء,1, Surat Al-Anbiya the 21st chapter of the Quran discusses the struggles and messages of various prophets emphasizing their unwavering dedication to conveying the divine message despite facing opposition and disbelief from their people. It narrates stories of Noah Abraham Moses and others highlighting their commitment to monotheism the challenges they encountered and the eventual support from Allah. The chapter underscores the universal nature of prophethood emphasizing that all messengers were sent with the same core message of monotheism and submission to God warning disbelievers of the consequences of rejecting the truth while offering guidance and examples of steadfastness and patience for believers to draw inspiration from in their own lives.
22,Al-Hajj,الحج,1, Surat Al-Hajj the 22nd chapter of the Quran emphasizes the pilgrimage to Mecca (Hajj) as a profound spiritual journey calling believers to perform this sacred obligation with dedication and reverence. It highlights the Day of Judgment portraying the scene when people will be resurrected and held accountable for their deeds. The Surah urges humanity to turn to Allah sincerely emphasizing that those who deny the truth will face the consequences while those who believe and do righteous deeds will be rewarded. Al-Hajj stresses the universal message of Islam emphasizing monotheism warning against arrogance and urging people to embrace the faith wholeheartedly. It addresses various aspects of faith social conduct and the inevitability of the Day of Judgment emphasizing the significance of faith and righteous actions in determining one's destiny in the Hereafter.
23,Al-Mumenoon,المؤمنون,1,Surat Al-Mumenoon the 23rd chapter of the Quran emphasizes the qualities and attributes of true believers detailing the characteristics that define those who are successful in the sight of Allah. It outlines the virtues of faith humility prayerfulness charity chastity and honesty highlighting the importance of these qualities in the life of a devout Muslim. The Surah emphasizes the need for inner purity and a strong moral compass stressing that those who fulfill these virtues will inherit Paradise. Additionally it contrasts the behavior of believers with the actions of those who deny the truth emphasizing the eventual accountability and judgment for all actions in the Hereafter. Overall Surah Al-Mumenoon serves as a guide for believers outlining the moral and spiritual principles necessary for a fulfilling and righteous life in accordance with Islamic teachings.
24,An-Noor,النور,1,Surat An-Noor the 24th chapter of the Quran addresses social conduct emphasizing ethical behavior modesty and the importance of establishing proof in cases of false accusations regarding a person's chastity. It introduces guidelines for personal conduct within society highlighting the significance of privacy proper attire and interactions between genders. The Surah outlines the consequences for falsely accusing chaste individuals and emphasizes the importance of reliable witnesses in such cases. Additionally it stresses the need for repentance and forgiveness emphasizing the importance of upholding moral standards within the community fostering an environment of trust and ensuring justice prevails in matters of personal conduct and accusations.
25,Al-Furqan,الفرقان,1,Surat Al-Furqan the 25th chapter of the Quran emphasizes the stark distinction between truth and falsehood while illustrating various attributes of the righteous and the misguided. It begins by highlighting the Quran as a distinguishing criterion between right and wrong stressing its divine origin and guidance. The chapter delves into the rejection of the message by disbelievers contrasting their arrogance and denial with the humility and acceptance of the believers. Al-Furqan elaborates on the qualities of the servants of the Most Merciful describing their reverence supplication and moderation. It denounces the societal pressure and influences that steer people away from the path of righteousness and stresses the need for patience and perseverance in the face of adversity. This chapter serves as a reminder of the importance of discernment sincerity in faith and steadfastness ultimately highlighting the eternal consequences of choices made in this worldly life.
26,Ash-Shuara,الشعراء,1,Surat Ash-Shu'ara meaning "The Poets" is the 26th chapter of the Quran consisting of 227 verses. It emphasizes the stories of various prophets sent to guide their people highlighting their struggles rejection and perseverance in delivering the message of monotheism. The chapter narrates accounts of Prophet Moses and Pharaoh illustrating the confrontation between truth and falsehood and the eventual triumph of divine guidance. It also features narratives of other prophets like Abraham Noah Hud Salih Lot and Shu'ayb underscoring the common themes of faith perseverance and the consequences of denying divine messages. Throughout Ash-Shu'ara the recurrent emphasis lies in inviting people to recognize the oneness of God warning against the perils of disbelief and urging adherence to the guidance provided by the messengers for the betterment of humanity.
27,An-Naml,النمل,1,Surat An-Naml the 27th chapter of the Quran primarily revolves around the themes of faith guidance and divine wisdom. It narrates the story of Prophet Solomon highlighting his wisdom authority over nature and creatures and his efforts to spread God's message. The surah emphasizes the importance of recognizing and submitting to God's signs in the natural world as proof of His existence. It also recounts the encounter between Prophet Solomon and the Queen of Sheba showcasing her eventual acceptance of the truth after witnessing Solomon's miraculous demonstration of God's power. Throughout the chapter the underlying message emphasizes the importance of recognizing God's signs submitting to His authority and upholding faith in His divine wisdom.
28,Al-Qasas,القصص,1,Surat Al-Qasas named after "The Narrations" predominantly recounts the story of Moses and his journey focusing on themes of faith divine intervention and the consequences of arrogance. It delves into Moses' upbringing escape from Egypt and his eventual role as a prophet. The surah highlights the intricacies of God's plan showcasing how Moses despite facing adversity finds support guidance and eventual success through faith and perseverance. Additionally it touches on broader aspects of divine justice and the eventual downfall of oppressive powers. Through this narrative Al-Qasas serves as a reminder of the importance of humility trust in God's wisdom and the eventual triumph of truth over falsehood.
29,Al-Ankaboot,العنكبوت,1,Surat Al-Ankabut the 29th chapter of the Quran derives its name from the Arabic word "ankaboot" meaning spider referring to the analogy within the surah comparing the fragility of false beliefs to the frailty of a spider's web. This surah emphasizes the trials faced by believers asserting that hardships are a natural part of faith and that patience and steadfastness are crucial virtues during adversity. It narrates the stories of previous communities highlighting their struggles and the consequences of disbelief. Al-Ankabut underscores the idea that belief is tested through trials urging believers to hold fast to their faith despite challenges and to seek guidance through patience and prayer. The chapter concludes by emphasizing that those who strive in God's path will be rewarded and those who disbelieve will face the consequences of their choices.
30,Ar-Room,الروم,1,Surat Ar-Rum the 30th chapter of the Quran reflects on the rise and fall of civilizations emphasizing the signs of Allah's existence in the alternation of day and night the creation of heavens and earth and the diversity of languages and colors among humankind. It discusses how humans face trials and calamities but also have signs of hope in the creation around them. The chapter highlights the arrogance of those who deny the truth despite witnessing Allah's signs warning them of their eventual accountability on the Day of Judgment. It reassures believers reminding them of the transient nature of worldly power and encouraging patience perseverance and seeking guidance from the Quran concluding with the affirmation that true success lies in faith and righteous deeds transcending worldly ambitions and superficial distinctions.
31,Luqman,لقمان,1,Surat Luqman the 31st chapter of the Quran is named after the wise sage Luqman known for his profound wisdom and advice. This chapter imparts spiritual guidance through the conversation between Luqman and his son offering timeless advice on wisdom gratitude and devotion to Allah. Luqman's counsel emphasizes monotheism warning against associating partners with God and encourages kindness towards parents. The Surah underscores the inevitability of the Day of Judgment urging individuals to adhere to righteous deeds and shun arrogance. It emphasizes the significance of knowledge reflection on the universe's signs and the certainty of divine accountability. Surah Luqman serves as a testament to the invaluable wisdom and guidance found in familial relationships nurturing a sense of mindfulness gratitude and submission to the will of Allah.
32,As-Sajda,السجدة,1,Surat As-Sajda the 32nd chapter of the Quran emphasizes the significance of prostration as an act of worship while conveying messages about faith guidance and accountability. It begins by highlighting the divine revelation of the Quran and the importance of believers bowing down in prostration to Allah. The chapter emphasizes the signs in the natural world as evidence of Allah's existence and power urging reflection and acknowledgment of His majesty. It discusses the fate of those who deny the truth and reject the message contrasting it with the rewards for the believers who embrace faith strive for righteousness and remain steadfast in prayer. As-Sajda emphasizes the truth of the Quranic message and encourages believers to uphold its guidance emphasizing the ultimate accountability on the Day of Judgment for one's deeds and actions in this life.
33,Al-Ahzab,الأحزاب,1,Surat Al-Ahzab the 33rd chapter of the Quran primarily focuses on social conduct marriage laws and the community of believers. It addresses various aspects of personal and communal life for Muslims outlining guidelines for marital relationships emphasizing modesty etiquette and the importance of maintaining proper conduct within society. The surah discusses the Prophet Muhammad's family life including his marriages to establish examples for believers. Additionally it advises on interactions between men and women highlighting the importance of modesty and respectful behavior. The chapter also emphasizes the significance of loyalty and support among believers in times of adversity particularly during conflicts or battles. Overall Al-Ahzab serves as a comprehensive guide for social interactions marriage ethics and community solidarity within the Islamic framework.
34,Saba,سبأ,1,Surat Saba the 34th chapter of the Quran emphasizes the message of divine unity accountability and the consequences of belief and disbelief. It begins by glorifying Allah and highlighting His absolute knowledge and authority over everything. The Surah narrates the stories of various past nations focusing on their rejection of prophets and subsequent accountability for their actions. It highlights the signs in the universe as evidence of Allah's existence and power urging reflection and recognition of His blessings. Saba stresses the importance of belief in the Oneness of God and the inevitability of the Day of Judgment where everyone will be held accountable for their deeds. The Surah emphasizes the distinction between belief and disbelief highlighting the consequences each carries and emphasizing the significance of faith in the face of rejection and adversity.
35,Fatir,فاطر,1,Surat Fatir the 35th chapter of the Quran emphasizes the power and majesty of Allah as the Creator of the heavens and the earth and the one who sustains all existence. It underscores the concept of divine oneness and the inevitability of divine judgment. The chapter emphasizes the signs present in nature as evidence of Allah's existence and power inviting reflection and recognition of His sovereignty. It also discusses the fate of past nations who denied their prophets and the consequences of disbelief. Surah Fatir emphasizes the importance of worshiping Allah alone acknowledging His supremacy and serving Him faithfully while warning against the consequences of rejecting the truth and the reality of resurrection and accountability in the Hereafter.
36,Ya Seen,يس,1,Surat Ya-Sin the 36th chapter of the Quran holds significant spiritual weight and is often regarded as the heart of the Quran due to its profound messages. It begins by emphasizing the divine source of the Quran and the rejection by disbelievers presenting the story of messengers sent to a community that denied them. The chapter highlights the concept of resurrection affirming the truth of the hereafter and God's power to resurrect the dead. Through the parable of a city to whom messengers were sent it emphasizes the consequences of denial and the importance of heeding the message. Surah Ya-Sin highlights the signs in the natural world the balance and order in creation urging reflection and recognition of God's sovereignty. It stresses the inevitability of the Day of Judgment the accountability of actions and the reckoning of deeds. The chapter concludes by calling for submission to God's will and acknowledging His ultimate authority reiterating the significance of the Quran's guidance as a mercy and a reminder for humanity.
37,As-Saaffat,الصافات,1,Surat As-Saaffat the 37th chapter of the Quran predominantly emphasizes the concept of divine power emphasizing the recurring phrase "By the ranks" which signifies the ranks or rows of angels lined up in obedience to Allah. The surah highlights the might and authority of God recounting stories of various prophets like Noah Abraham Moses and others underscoring their unwavering faith and the opposition they faced from their people. The narrative delves into the theme of divine justice showcasing examples of punishment for disbelief and reward for faithfulness urging listeners to reflect on the consequences of their actions in the afterlife. As-Saaffat also portrays the ultimate victory of truth over falsehood accentuating the idea of accountability on the Day of Judgment when the righteous will be rewarded and the wrongdoers penalized underscoring the absolute authority and justice of Allah.
38,Sad,ص,1,Surat Sad the 38th chapter of the Quran reflects on the narrative of the Prophet David (Dawud) and his steadfastness in facing trials and conflicts. It emphasizes how David's devotion to God helped him overcome challenges including the story of his encounter with Goliath. The chapter draws attention to the rejection and punishment of disbelievers in past nations underscoring the consequences of denying divine messages. Surah Sad also highlights the inevitability of the Day of Judgment and the accountability of all individuals for their actions. It encourages reflection on the lessons from past prophets and the importance of unwavering faith and patience in the face of adversity ultimately emphasizing the power of belief and devotion to God.
39,Az-Zumar,الزمر,1,Surat Az-Zumar the 39th chapter of the Quran emphasizes the absolute monotheism of Allah and the inevitability of accountability on the Day of Judgment. It focuses on the importance of sincere worship and obedience to God alone warning against associating partners with Him. The chapter highlights the mercy of Allah encouraging repentance and promising forgiveness for those who turn to Him sincerely. It contrasts the fate of believers and disbelievers depicting Paradise's bliss for the righteous and Hell's torment for those who reject faith. Az-Zumar stresses the significance of reflecting on the signs of creation as evidence of God's existence and emphasizes that the Quran is a guide for humanity inviting people to ponder its verses. It calls for humility gratitude and recognition of the purpose behind creation asserting that ultimately every soul will taste the consequences of its deeds reinforcing the message of accountability and the importance of faith in Islam.
40,Ghafir,غافر,1,Surat Ghafir also known as Al-Muâ€™min emphasizes the significance of faith repentance and divine mercy. It highlights the story of Prophet Moses and Pharaoh showcasing the consequences of disbelief and the power of repentance. The surah underscores the inevitability of divine judgment and the accountability of individuals for their actions. It emphasizes the importance of guidance from Allah and warns against following false deities. Surah Ghafir illustrates the mercy of Allah encouraging believers to seek forgiveness and guidance while cautioning against the arrogance and consequences of rejecting faith. Overall it serves as a reminder of divine justice the power of repentance and the importance of steadfast faith in the face of adversity.
41,Fussilat,فصلت,1,Surat Fussilat named after the phrase "explained in detail" emphasizes the Quran's divine origins and the rejection faced by earlier prophets. It underscores the Quran's revelation in clear Arabic inviting listeners to ponder its verses. The surah highlights the disbelievers' arrogance and their rejection of the truth despite clear signs in the universe and within themselves. It illustrates the fate of past nations who denied the messengers emphasizing that the rejecters of truth face severe consequences in the Hereafter. It encourages believers to remain steadfast offering them glad tidings and assurance of Allah's support and guidance. The chapter emphasizes the importance of faith reminding that those who engage in good deeds will be rewarded and those who sow corruption will face consequences. Overall Surah Fussilat underscores the clarity and guidance of the Quran while warning against the consequences of disbelief and urging steadfastness in faith and righteousness.
42,Ash-Shura,الشورى,1,Surat Ash-Shura "The Consultation" is the 42nd chapter of the Quran emphasizing consultation and unity among believers. It delves into themes of guidance emphasizing that the Quran is revealed in Arabic for the benefit of humanity urging the Prophet to remain steadfast and to follow the guidance from Allah. The surah discusses the unity of faith calling for unity among people of different beliefs by focusing on the oneness of God. It encourages believers to resolve disputes through consultation and advocates for patience and forgiveness. Ash-Shura highlights the importance of divine unity underscoring that Allah's judgment will prevail urging believers to hold firm to their faith and trust in Allah's wisdom. The chapter emphasizes divine guidance calling for reflection and adherence to the Quran's teachings for a righteous and just society.
43,Az-Zukhruf,الزخرف,1,Surat Az-Zukhruf translating to "The Gold Adornments" is the 43rd chapter of the Quran consisting of 89 verses. It emphasizes the divine origin of the Quran and the significance of monotheism highlighting the absurdity of associating partners with Allah. The chapter stresses the Quran's guidance and warns against rejecting it narrating stories of past prophets to exemplify the consequences of disbelief. It underscores the Quran's revelation in clear Arabic challenging those who dispute its authenticity. Az-Zukhruf encourages reflection on the creation the heavens and the earth as signs of Allah's existence and power urging people to recognize their Creator and abandon false beliefs. It also depicts the fate of disbelievers on the Day of Judgment and offers reassurance to believers who remain steadfast in their faith.
44,Ad-Dukhan,الدخان,1,Surat Ad-Dukhan meaning "The Smoke" is the 44th chapter of the Quran consisting of 59 verses. It begins by describing the coming of a smoke or a visible manifestation as a sign of impending divine judgment. This event is seen as a warning to the people to accept faith and guidance before the Day of Judgment arrives. The surah emphasizes the Quran as a clear message for humanity calling attention to the disbelief of previous nations and their eventual punishment. It highlights the importance of heeding divine warnings and the consequences of rejecting the message of God. Ad-Dukhan reaffirms the truth of the Quran the role of prophets as warners and the accountability of individuals on the Day of Reckoning. Overall it underscores the importance of faith heedfulness of divine signs and the inevitable accountability of all souls in the hereafter.
45,Al-Jathiya,الجاثية,1,Surat Al-Jathiya meaning "The Kneeling" is the 45th chapter of the Quran consisting of 37 verses. This surah primarily emphasizes the accountability of individuals on the Day of Judgment. It discusses how the Quran as a divine guidance serves as a source of enlightenment and a reminder to humanity. Al-Jathiya stresses the signs in nature as evidence of God's existence and power encouraging reflection and recognition of His authority. It describes the scene on Judgment Day when people will kneel before Allah acknowledging His supremacy and their deeds. The chapter highlights the consequences of belief and disbelief urging adherence to the guidance provided in the Quran as the means to attain success and avoid regret on the Day of Resurrection. Overall Surah Al-Jathiya underscores the importance of acknowledging God's signs seeking guidance from the Quran and preparing for the inevitable accountability in the Hereafter.
46,Al-Ahqaf,الأحقاف,1,Surat Al-Ahqaf the 46th chapter of the Quran derives its name from the mention of sand dunes or the curved sandhills in its verses. The surah primarily emphasizes the reality of resurrection and the consequences of belief and disbelief. It narrates stories of previous nations particularly focusing on the people of 'Aad and their prophet Hud who faced consequences due to their arrogance and rejection of divine guidance. The surah accentuates the importance of heeding the lessons from past civilizations and prophets warning against the consequences of disbelief while encouraging faith and submission to God's will. Additionally it highlights the signs in the universe urging reflection on the natural world as evidence of God's existence and power emphasizing the need for gratitude and acknowledgment of divine guidance.
47,Muhammad,محمد,1,Surat Muhammad the 47th chapter of the Quran emphasizes the call to faith and submission to Allah. It discusses various aspects of faith challenges faced by believers and the nature of disbelief. The chapter encourages believers to embrace steadfastness and perseverance in the face of opposition reminding them of the transient nature of life and the ultimate accountability before Allah. It highlights the significance of obedience to the Prophet Muhammad and adherence to divine guidance warning against hypocrisy and insincerity in faith. Surah Muhammad reinforces the importance of unity among believers urging them to support the cause of truth and justice while illustrating the consequences of deviating from the path of righteousness. Overall it serves as a motivational and instructional chapter urging believers to maintain their commitment to faith and righteous deeds amidst trials and tribulations.
48,Al-Fath,الفتح,1,Surat Al-Fath meaning "The Victory" is the 48th chapter of the Quran emphasizing the Treaty of Hudaybiyyah and its significance in Islam. It celebrates a pivotal event in Islamic history Prophet Muhammad's peaceful resolution with the Quraysh leading to a ten-year truce. This chapter highlights the divine wisdom behind this peace agreement and the ultimate victory it brought for the Muslim community paving the way for the spread of Islam. Al-Fath underscores the importance of patience perseverance and trust in God's plans showing that what might seem like a setback can ultimately lead to immense success. It encourages believers to remain steadfast in their faith assured that God's guidance will ultimately lead them to triumph. This chapter serves as a reminder of the power of diplomacy patience and unwavering trust in God's wisdom and promises.
49,Al-Hujraat,الحجرات,1,Surat Al-Hujurat the 49th chapter of the Quran primarily addresses social conduct emphasizing the importance of proper behavior respect and etiquette within the Muslim community. It stresses the significance of verifying information before believing or spreading it cautioning against assumptions and false rumors. The Surah highlights the need for reconciliation among believers and advises against mockery suspicion and backbiting. It emphasizes equality among believers and the importance of resolving conflicts peacefully urging adherence to justice and unity within the community. Al-Hujurat serves as a guide for fostering harmonious relationships promoting mutual respect and maintaining the sanctity of interpersonal interactions within the Muslim society.
50,Qaf,ق,1,Surat Qaf is the 50th chapter of the Quran consisting of 45 verses. It revolves around the themes of resurrection accountability and the revelation of the Quran. The surah begins with a striking reference to the Day of Judgment emphasizing that people will be stunned and terrified when it arrives. It illustrates how human beings tend to dismiss resurrection due to their worldly preoccupations but emphasizes that the reality of the afterlife is inevitable. The surah discusses the skepticism of disbelievers and the arrogance of those who deny resurrection highlighting the signs in nature as evidence of Allah's power and ability to resurrect. It stresses the wisdom in the Quran's revelation calling attention to its guidance and warning of the consequences of rejecting it. The surah concludes by reaffirming the reality of the Day of Judgment and the importance of accepting the truth revealed in the Quran.
51,Adh-Dhariyat,الذاريات,1,Surat Adh-Dhariyat the 51st chapter of the Quran derives its name from the mention of the winds (adh-dhariyat) within its verses. It opens with a description of the winds scattering and carrying clouds highlighting the natural phenomena as signs of God's power and the inevitability of judgment. The chapter emphasizes the rejection of past prophets by disbelievers and their ultimate fate warning against obstinate disbelief and urging reflection on the consequences faced by previous nations. It illustrates the importance of recognizing God's signs in the universe and acknowledging His oneness as the creator. The surah also discusses the story of Prophet Ibrahim (Abraham) and his interactions with his people presenting him as an exemplary figure of faith and devotion. Adh-Dhariyat emphasizes the importance of recognizing God's signs warning against disbelief and encouraging faith humility and gratitude towards God's creations.
52,At-tur,الطور,1,Surat At-Tur the 52nd chapter of the Quran emphasizes the divine power warnings of the Day of Judgment and the accountability of humanity. It begins by highlighting Mount Sinai as a witness to the truth of the message conveyed by the Prophet Muhammad. The surah discusses the fate of previous nations that rejected their messengers and warns of the impending judgment separating the righteous from the wrongdoers. It underscores the absolute authority of God over all matters and questions the disbelief of those who deny resurrection. At-Tur stresses the inevitability of the Day of Judgment and the recompense that awaits individuals according to their deeds while also affirming the continuity of God's guidance through His messengers. Ultimately it urges reflection on the signs of God's existence and the certainty of divine justice.
53,An-Najm,النجم,1,Surat An-Najm the 53rd chapter of the Quran emphasizes the revelation received by Prophet Muhammad and the significance of his message. It highlights the Prophet's experience during the Night Journey describing his ascension through the heavens and the divine guidance he received. The surah asserts the truthfulness of the Prophet's vision and message countering allegations of falsehood by affirming the divine inspiration behind his words. It underscores the inability of humans to attribute falsehood to the Prophet's words emphasizing that he speaks not from his desires but from divine revelation. The chapter concludes by encouraging obedience to Allah and prostration in gratitude for His guidance urging adherence to the Prophet's teachings and emphasizing the distinction between truth and falsehood in divine messages.
54,Al-Qamar,القمر,1,Surat Al-Qamar the 54th chapter of the Quran revolves around the story of the people of Thamud and their prophet Salih illustrating the consequences of rejecting divine guidance. It emphasizes the inevitability of God's judgment and the historical lessons embedded in the destruction of past nations who defied their prophets. The surah repeatedly emphasizes the Quran's clarity and warns of impending consequences for disbelief. Through vivid imagery and historical narratives it underscores the importance of heeding divine guidance and the ultimate accountability in the Hereafter urging reflection on the signs and messages sent by God through His prophets.
55,Al-Rahman,الرحمن,1,Surat Al-Rahman the 55th chapter of the Quran focuses on the repetitive rhetorical question "Which of the favors of your Lord will you deny?" as it alternates between descriptions of Allah's blessings and a vivid depiction of the rewards and punishments in the Hereafter. The chapter highlights the magnificence of God's creation emphasizing His mercy through the provision of sustenance the creation of humankind and the beauty of the universe. It presents the dichotomy of the two groups of peopleâ€”the blessed in Paradise and the condemned in Hellâ€”accentuating the consequences of their deeds. The rhythmic structure and the repeated refrain serve as a reminder of God's countless blessings urging reflection and gratitude while warning of accountability and consequences for disbelief or ingratitude.
56,Al-Waqia,الواقعة,1,Surat Al-Waqia the 56th chapter of the Quran emphasizes the inevitability and certainty of the Day of Judgment. It vividly describes the three distinct groups of peopleâ€”those foremost in faith and righteousness those on the right hand who will receive their records with ease and those on the left hand facing hardships. The surah stresses the consequences in the Hereafter for actions undertaken in this world highlighting the significance of belief in resurrection and divine recompense. It emphasizes how the Quran is a message of truth warning humanity of the consequences of disbelief and the reality of the final abode. Al-Waqia encourages reflection on the signs in creation and the different fates awaiting individuals based on their deeds underlining the importance of faith accountability and the certainty of the promised Day.
57,Al-Hadid,الحديد,1,Surat Al-Hadid the 57th chapter of the Quran derives its name from "Iron" referencing the mention of iron within its verses. It reflects on the reality of life's trials and tribulations likening them to the refining process of iron. The chapter emphasizes faith perseverance and charity highlighting the transient nature of worldly possessions while encouraging believers to invest in the hereafter. It portrays the contrast between the temporary allure of material wealth and the everlasting rewards of the afterlife. Al-Hadid emphasizes the importance of belief righteous deeds and the accountability of one's actions urging believers to be steadfast in their faith and to utilize their resources in the service of God and others. The surah also underscores the concept of divine decree emphasizing God's absolute knowledge and control over all affairs serving as a reminder of trust in God's wisdom and ultimate plan for humanity.
58,Al-Mujadila,المجادلة,1,Surat Al-Mujadila the 58th chapter of the Quran addresses social and ethical matters particularly focusing on the treatment of women and issues related to family life. The surah begins by discussing the practice of addressing the Prophet directly advising that this should be done with respect and moderation. It highlights the importance of maintaining decorum and proper behavior in all dealings especially within the family. The chapter also tackles the sensitive issue of marital disputes and the protocol for reconciliation emphasizing the need for fairness justice and arbitration in such situations. It highlights the ethical principles that should guide interpersonal relationships encouraging reconciliation and kindness. Overall Surah Al-Mujadila emphasizes the importance of equitable treatment respectful communication and ethical conduct within society and family structures.
59,Al-Hashr,الحشر,1,Surat Al-Hashr the 59th chapter of the Quran primarily emphasizes the expulsion of the Jewish tribe of Banu Nadir from Madinah and the subsequent confiscation of their properties. It recounts how Allah's support aided the Muslims in their defense against the disbelievers who sought to harm them. The surah highlights the consequences of treachery against the Prophet Muhammad and the believers warning against disobedience and the dangers of opposing God's messenger. It emphasizes the importance of following Allah's guidance unity among believers and the significance of charity and support for those in need. Additionally it stresses the need for reflection on the lessons from previous communities who faced divine retribution for their disobedience. The chapter concludes by exalting Allah's attributes and His sovereignty over all things urging believers to seek His forgiveness and mercy.
60,Al-Mumtahina,الممتحنة,1,Surat Al-Mumtahina the 60th chapter of the Quran addresses social and political guidance. It begins with the context of a particular historical incident involving a group of women who migrated and seeks guidance on how to handle potential conflicts arising from differences in faith between Muslims and non-Muslims. It emphasizes principles of loyalty justice and fair treatment advising believers on interactions with those who don't oppose Islam. The Surah outlines guidelines for relationships with non-Muslims highlighting the importance of justice kindness and maintaining alliances as long as there's no aggression against Islam or Muslims. It stresses the significance of staying true to one's faith while being just and fair in dealings with others even when faced with animosity or differences in beliefs promoting a message of peaceful coexistence and respectful engagement.
61,As-Saff,الصف,1,Surat As-Saff the 61st chapter of the Quran emphasizes the importance of unity faith and perseverance in the path of God. It begins by highlighting the analogy of believers standing united like rows in prayer emphasizing the significance of solidarity and cooperation among individuals in the community of believers. The chapter emphasizes the mission of Prophet Jesus and foretells the coming of Prophet Muhammad encouraging steadfastness in the face of challenges and the struggle for the sake of God. It stresses the need for commitment striving in the cause of righteousness and being among those who support God's cause. The Surah reiterates the reward for those who remain steadfast dedicated to the principles of faith and steadfastly support God's cause.
62,Al-Jumua,الجمعة,1,Surat Al-Jumu'ah the 62nd chapter of the Quran emphasizes the significance of the Friday congregational prayer for Muslims. It opens by praising Allah highlighting His sovereignty and knowledge. The surah discusses the event of the Friday prayer urging believers to leave trade and hasten to the remembrance of Allah when the call for prayer is made. It emphasizes the importance of congregational prayer as a means of guidance and a reminder of God's blessings. Al-Jumu'ah also contrasts the believers' responsibilities with those who abandoned prayer reminding that faith and obedience are essential. The surah stresses the significance of God's guidance and the importance of following His path stead
63,Al-Munafiqoon,المنافقون,1,Surat Al-Munafiqoon the 63rd chapter of the Quran focuses on hypocrites and their characteristics highlighting their deceptive nature and their attempts to deceive both believers and God. It delineates between outward appearances and inner realities emphasizing the importance of sincerity and genuine faith. The surah condemns hypocrisy and warns against its detrimental consequences stating that hypocrites will be in the lowest depths of Hell. It encourages believers to uphold honesty and true faith reminding them that God knows the secrets of their hearts and will judge them based on their sincerity. Al-Munafiqoon serves as a cautionary reminder to avoid hypocrisy and to strive for genuine faith and integrity in all aspects of life.
64,At-Taghabun,التغابن,1,Surat At-Taghabun "The Mutual Disillusion" underscores the theme of accountability highlighting the dynamics between faith and disbelief gratitude and its association with divine guidance. It emphasizes the inevitability of facing consequences based on one's actions and beliefs revealing how the universe itself testifies to the truth of divine existence. The surah stresses the transient nature of worldly affairs urging believers to prioritize their faith and actions for the eternal Hereafter. It elucidates the concepts of testing through trials and tribulations showcasing how these experiences serve as reminders and opportunities for growth in one's faith. At-Taghabun calls for introspection gratitude for blessings and the recognition of divine wisdom in the events unfolding in life inviting believers to embrace faith wholeheartedly and strive for righteousness amid worldly challenges knowing that their ultimate accountability rests with Allah.
65,At-Talaq,الطلاق,1,Surat At-Talaq the 65th chapter of the Quran discusses the regulations surrounding divorce emphasizing fairness care for women and the ethical dissolution of marriage. It addresses the proper procedure for divorce particularly the waiting period ('iddah) guidance for pregnant women and the responsibility of providing for divorced women during this waiting period. The Surah highlights the importance of adhering to the prescribed waiting period to ensure clarity of paternity in case of pregnancy and it underscores the need for mutual respect and kindness between spouses urging both parties to act with fairness and integrity during and after divorce proceedings. Additionally it stresses the concept of God's provision and the importance of turning to Him in times of difficulty highlighting the overarching theme of compassion justice and ethical conduct in matters of marital dissolution.
66,At-Tahrim,التحريم,1,Surat At-Tahrim the 66th chapter of the Quran delves into themes of interpersonal relationships offering guidance based on the Prophet Muhammad's life. It begins by highlighting a cautionary tale involving the Prophet's wives and the importance of maintaining trust and respect within marriages. The chapter admonishes against displeasing God and offers a lesson in seeking repentance. It emphasizes the significance of sincere repentance and obedience to God's commands urging believers to reflect on their actions. Surah At-Tahrim serves as a reminder of the consequences of displeasing God and underlines the necessity of maintaining piety seeking forgiveness and adhering to righteous conduct in all relationships to attain spiritual fulfillment and divine mercy.
67,Al-Mulk,الملك,1,Surat Al-Mulk the 67th chapter of the Quran emphasizes the concept of divine sovereignty and the ultimate power of Allah over all creation. It highlights the signs in the universe as evidence of God's existence and His control over everything. The Surah draws attention to the contrast between the blessings bestowed upon humanity and the consequences for those who deny the truth reminding believers of the importance of reflecting on the world around them as a means to strengthen their faith and understanding of Allah's greatness. It underscores the inevitability of the Day of Judgment and encourages seeking Allah's mercy and protection by aligning oneself with His guidance ultimately serving as a reminder of the transient nature of worldly life and the eternal significance of the hereafter.
68,Al-Qalam,القلم,1,Surat Al-Qalam the 68th chapter of the Quran emphasizes moral guidance particularly addressing the Prophet Muhammad's steadfastness against ridicule and slander from his opponents. It highlights the divine support and protection granted to the Prophet emphasizing the importance of patience and perseverance in the face of adversity. The surah condemns the arrogance and ignorance of those who reject the message warning of the consequences of their actions and the fate of those who deny the truth. It also contrasts the destinies of the righteous and the wicked illustrating the ultimate judgment and reward in the Hereafter. Overall Surah Al-Qalam serves as a reminder of the significance of patience resilience and faith in the face of opposition while underscoring the consequences of arrogance and disbelief.
69,Al-Haaqqa,الحاقة,1,Surat Al-Haaqqa the 69th chapter of the Quran emphasizes the certainty of the Day of Judgment and the consequences for human actions. It vividly portrays the impending Day of Resurrection describing the cataclysmic events that will occur shaking the foundations of the universe and causing widespread chaos. The surah emphasizes the accountability of individuals for their deeds categorizing people into two groups: those who lived righteous lives and those who rejected the truth and lived in denial. It stresses the inevitability and severity of divine judgment urging reflection on the signs in the world as proof of God's power and the truth of the message delivered by the prophets. Al-Haaqqa serves as a powerful reminder of the ultimate reality of the Hereafter and the importance of living a righteous life in preparation for that Day.
70,Al-Maarij,المعارج,1,Surat Al-Ma'arij the 70th chapter of the Quran emphasizes the themes of accountability judgment and the perseverance of believers in the face of adversity. It opens by describing the Day of Judgment as a time when people's deeds will be closely examined and the disbelievers will face severe consequences. It highlights the impatient nature of humans who seek instant fulfillment and question the delay of divine punishment while reassuring that God's judgment is inevitable and precise. The chapter underscores the importance of patience and perseverance in faith especially during trials and contrasts the attitudes of the disbelievers with the steadfastness of believers who endure hardships with hope in the eventual reward promised by Allah. It serves as a reminder of the certainty of divine judgment urging believers to maintain steadfastness and trust in God's wisdom and justice.
71,Nooh,نوح,1,Surat Nooh the 71st chapter of the Quran centers on the narrative of Prophet Noah (Nuh in Arabic) and his mission to guide his people towards God's path. It begins with Noah's call to his community urging them to worship only God and abandon their idols. He warns them of the impending punishment if they persist in disbelief. Noah reminds them of God's blessings and mercy recounting the stories of earlier nations as lessons. Despite his persistent efforts over centuries to guide them only a few responded while the majority rejected his message mocking and ridiculing him. As the disbelievers rejected the truth the inevitable flood arrived a consequence of their refusal to heed Noah's warnings. The surah serves as a reminder of the consequences of disbelief and the importance of heeding the guidance of God's messengers.
72,Al-Jinn,الجن,1,Surat Al-Jinn the 72nd chapter of the Quran revolves around the interactions between the Prophet Muhammad and a group of Jinn who upon hearing the Quran embraced Islam. The chapter begins by highlighting how a group of Jinn listened attentively to the recitation of the Quran and recognized its divine nature subsequently affirming their belief in Allah's oneness. It emphasizes that the Jinn like humans are accountable for their actions and choices. The surah underscores the significance of the Quran as a guidance for both Jinn and mankind addressing the misconceptions about the unseen world of Jinn and their acknowledgment of the Quran's truth. It concludes by reminding that the Prophet Muhammad is sent as a Warner and a bringer of glad tidings urging people to worship Allah alone and warning against the consequences of disbelief and rejection of guidance.
73,Al-Muzzammil,المزمل,1,Surat Al-Muzzammil is the 73rd chapter of the Quran consisting of 20 verses. Its title "Al-Muzzammil" translates to "The Enshrouded One" or "The Wrapped One" referencing the opening verse where the Prophet Muhammad is instructed to wrap himself in a garment during the night for prolonged prayers and meditation. The surah emphasizes the importance of night prayer and reflection encouraging believers to dedicate a portion of the night for seeking spiritual growth and closeness to Allah. It also addresses the concept of patience perseverance and the eventual reward for those who follow the path of righteousness. The surah serves as a reminder of the significance of inner devotion self-discipline and the transformative power of sincere prayer in the life of a devout Muslim.
74,Al-Muddathir,المدثر,1,Surat Al-Muddathir the 74th chapter of the Quran is a significant Islamic scripture that addresses the themes of prophethood divine guidance and the consequences of rejecting the message of God. The surah opens with a command to the Prophet Muhammad to arise and warn the people about the impending Day of Judgment. It emphasizes the importance of delivering the divine message to humanity and the consequences for those who deny it. The surah also vividly describes the scenes of the Day of Judgment highlighting the accountability of individuals for their deeds. Throughout Al-Muddathir believers are encouraged to be patient in the face of adversity and to remain steadfast in their faith while the surah serves as a powerful reminder of the consequences of rejecting God's guidance.
75,Al-Qiyama,القيامة,1,Surat Al-Qiyama the 75th chapter of the Quran is a profound revelation that addresses the Day of Resurrection and the concept of life after death. This surah delves into the theme of human accountability and emphasizes the power of Allah as the ultimate Judge. It vividly describes the resurrection of human beings from their graves and their presentation before Allah for judgment. The surah draws attention to the skepticism of disbelievers and their denial of the resurrection countering it with powerful imagery of the cosmic and earthly signs that attest to the divine authority. Al-Qiyama serves as a reminder of the transient nature of worldly life and the eternal consequences of one's actions urging believers to reflect on their deeds and strive for righteousness in anticipation of the Day of Judgment.
76,Al-Insan,الإنسان,1,Surat Al-Insan also known as Surah Ad-Dahr is the 76th chapter of the Quran consisting of 31 verses. The Surah emphasizes the theme of gratitude and patience in the face of adversity highlighting the contrast between the rewards of the righteous in the Hereafter and the consequences for the ungrateful. It recounts the story of the grateful inhabitants of Paradise and contrasts it with the fate of the unappreciative. The Surah underscores the importance of charity prayer and worship as a means of attaining Allah's favor and mercy. Additionally it emphasizes the transient nature of worldly life and the ultimate significance of the deeds performed for the sake of Allah. The chapter serves as a profound reminder of the consequences of one's actions in both the temporal and spiritual realms urging believers to lead a life of gratitude patience and devotion to Allah.
77,Al-Mursalat,المرسلات,1,Surat Al-Mursalat the 77th chapter of the Quran is a poetic and powerful expression of divine warnings and the consequences of human actions. The name "Al-Mursalat" translates to "The Emissaries" or "The Winds Sent Forth" reflecting the thematic focus on the winds as messengers of God's command. The surah begins with a vivid description of the Day of Judgment emphasizing the profound impact it will have on individuals. It portrays scenes of disbelievers facing the consequences of their denial and disobedience contrasting them with the reward and tranquility promised to the righteous. The surah serves as a reminder of the divine guidance sent through messengers and the importance of heeding these warnings for spiritual growth and ultimate salvation. Through its eloquent verses Al-Mursalat calls upon individuals to reflect on their choices recognize the signs of God's existence and choose the path of righteousness to attain eternal bliss.
78,An-Naba,النبأ,1,Surat An-Naba the 78th chapter of the Quran is a profound revelation that emphasizes the significance of divine guidance and the consequences of human actions. It begins by questioning the human tendency to dismiss the impending Day of Judgment presenting a vivid depiction of the afterlife. The surah underscores the divine creation of humanity urging reflection upon the signs in nature as proof of God's existence and power. An-Naba stresses the importance of acknowledging God's sovereignty and adhering to righteous conduct while warning of the consequences for those who reject the divine message. It serves as a powerful reminder of the ultimate accountability awaiting every soul and the eternal reward or punishment that follows one's deeds in this life.
79,An-Naziat,النازعات,1,Surat An-Naziat the seventy-ninth chapter of the Quran is a Meccan surah named after the Arabic word "An-Naziat" which translates to "Those who drag forth" or "Those who violently pull out." The surah primarily emphasizes the themes of resurrection accountability and the Day of Judgment. It vividly describes the scenes of the afterlife portraying the cataclysmic events that will unfold when the trumpet is blown signifying the resurrection of all beings. The surah underscores the reality of the Hereafter urging reflection on the transient nature of worldly life and the ultimate purpose of human existence. Throughout its verses Surah An-Naziat serves as a powerful reminder of the divine justice and the consequences of one's actions in the eternal life to come.
80,Abasa,عبس,1,Surat Abasa the 80th chapter of the Quran is a contemplative and instructive chapter that addresses the Prophet Muhammad's interaction with a blind man seeking guidance. The title "Abasa" translates to "He frowned" reflecting the Prophet's initial reaction to the blind man interrupting his conversation with a prominent leader. The chapter emphasizes the importance of humility and the equality of all believers in the eyes of God irrespective of social status or physical abilities. It encourages the Prophet and by extension all Muslims to prioritize compassion justice and spiritual insight over worldly considerations. Surat Abasa serves as a reminder of the fundamental values of Islam emphasizing the significance of empathy and the need to prioritize spiritual growth and compassion in human interactions.
81,At-Takwir,التكوير,1,Surat At-Takwir the 81st chapter of the Quran is a profound revelation that vividly describes the apocalyptic events preceding the Day of Judgment. It begins with a portrayal of the cosmic upheaval wherein the sun loses its brilliance the stars are dimmed and the mountains are set in motion. The verses then depict the disarray and confusion among people with mothers abandoning their infants and pregnant women miscarrying due to the overwhelming terror. The surah emphasizes the inescapable nature of the impending judgment and the accountability of individuals for their deeds. At-Takwir serves as a powerful reminder of the transient nature of worldly affairs and the ultimate reality of the Hereafter urging believers to reflect on their actions and strive for righteousness in preparation for the inevitable reckoning.
82,AL-Infitar,الإنفطار,1,Surat Al-Infitar the 82nd chapter of the Quran is a profound revelation that delves into the themes of resurrection accountability and the Day of Judgment. The surah begins by describing the cosmic event of the sky splitting open the stars falling and the oceans bursting forth. It vividly portrays the upheaval in the universe as a prelude to the Day when all deeds will be laid bare and individuals will be resurrected for judgment. Al-Infitar emphasizes the meticulous recording of every person's actions both small and great and underscores the divine knowledge of all that humans conceal. The surah serves as a powerful reminder of the ultimate reality and the importance of leading a righteous life in preparation for the Hereafter.
83,Al-Mutaffifin,المطففين,1,Surat Al-Mutaffifin the 83rd chapter of the Quran addresses the concept of justice and fairness in business transactions and interpersonal dealings. Its verses emphasize the importance of honesty and integrity in financial matters condemning those who manipulate weights and measures to deceive others. The surah serves as a powerful reminder that individuals will be held accountable for their actions in the Hereafter where true justice will prevail. Al-Mutaffifin underscores the significance of ethical conduct in both commercial and personal affairs urging believers to uphold righteousness and fairness in their interactions with others to attain spiritual well-being and ultimate success.
84,Al-Inshiqaq,الانشقاق,1,Surat Al-Inshiqaq the 84th chapter of the Quran vividly describes the cosmic events on the Day of Judgment with intense imagery and emphasis on accountability. It begins by portraying the cataclysmic upheaval of the heavens and the earth emphasizing their profound disintegration. The surah stresses the accountability of every soul for its deeds revealing a meticulous record of one's actions. The righteous are promised a blissful existence in Paradise while the wicked face the consequences of their choices in Hell. Al-Inshiqaq serves as a powerful reminder of the inevitable Day of Judgment and the significance of leading a righteous life in preparation for the afterlife.
85,Al-Burooj,البروج,1,Surat Al-Burooj the 85th chapter of the Quran reflects on historical instances of persecution and defiance of belief. It begins by swearing an oath by the sky adorned with constellations asserting that those who transgress against God's message will face severe consequences. The surah then recounts the tale of a group of believers who faced persecution and were cast into a pit of fire by a tyrant ruler due to their unwavering faith. Despite the intense adversity the believers embraced martyrdom their conviction unwavering. Al-Burooj serves as a powerful reminder of the consequences for those who oppress the faithful and emphasizes the steadfastness required in the face of adversity.
86,At-Tariq,الطارق,1,Surat At-Tariq the 86th chapter of the Quran is a brief yet powerful revelation that emphasizes the fundamental Islamic concept of accountability. The surah takes its name from the opening verse which mentions the celestial event of the piercing star (At-Tariq). It serves as a metaphor for divine intervention and the scrutiny of individual deeds. The surah vividly describes the Day of Judgment when people's actions will be laid bare and weighed determining their ultimate destination in the afterlife. The verses underscore the importance of reflecting on one's conduct and recognizing the omnipotence of the Creator. At-Tariq encapsulates the Quranic theme of moral responsibility urging believers to live righteous lives in anticipation of the impending judgment day.
87,Al-Ala,الأعلى,1,Surat Al-Ala the 87th chapter of the Quran is a profound and eloquent passage that emphasizes the significance of recognizing and worshiping the Almighty. It begins by drawing attention to Allah's sublime attributes and His supreme authority over all creation urging believers to bow down in prayer and submission. The surah highlights the consequences of neglecting this duty warning of a painful punishment for those who turn away. It emphasizes the correlation between gratitude towards Allah and personal growth stressing that those who are mindful of their Creator will find success in this world and the hereafter. Surah Al-Ala serves as a powerful reminder of the importance of faith devotion and the eternal consequences of one's choices in the divine framework.
88,Al-Ghashiya,الغاشية,1,Surat Al-Ghashiya the 88th chapter of the Quran is a profound and eloquent piece of Islamic scripture that emphasizes the Day of Judgment and the consequences of individuals' deeds. The surah vividly describes the events of that fateful day when people's actions will be laid bare distinguishing between the righteous and the disobedient. It serves as a powerful reminder of the accountability each soul will face in the afterlife. The surah employs striking imagery and rhetorical devices to evoke a sense of awe and contemplation urging believers to reflect on their actions and strive for righteousness. Throughout its verses Surat Al-Ghashiya emphasizes the significance of faith humility and adherence to divine guidance as essential components of a meaningful and purposeful existence.
89,Al-Fajr,الفجر,1,Surat Al-Fajr the 89th chapter of the Quran is a profound and impactful revelation that emphasizes the transient nature of human life and the inevitable accountability in the Hereafter. The Surah begins by highlighting the historical consequences faced by past nations that rejected divine guidance serving as a powerful reminder of the consequences of disobedience. It then shifts to a contemplation on the soul and the various stages of life urging individuals to reflect on their deeds and moral choices. The Surah concludes by stressing the importance of faith righteousness and perseverance in the face of trials emphasizing the ultimate triumph of those who uphold virtue. Overall Surah Al-Fajr encapsulates deep spiritual reflections and serves as a timeless source of guidance for believers encouraging introspection and a commitment to a righteous way of life.
90,Al-Balad,البلد,1,Surat Al-Balad the 90th chapter of the Quran emphasizes the significance of human struggle and the moral choices individuals make in the journey of life. It opens with a solemn oath affirming the sanctity of the city (possibly referring to Mecca) as a backdrop to convey a powerful message about human responsibility and accountability. The surah underscores the challenges inherent in the earthly existence and highlights the paths of righteousness and corruption that individuals may choose. It stresses the importance of selfless actions compassion towards the less fortunate and the cultivation of virtues to attain a successful and fulfilling life. The vivid imagery and forceful language serve to evoke contemplation on the transient nature of worldly possessions and the eternal consequences of one's deeds. Ultimately Surat Al-Balad calls for self-reflection and ethical living in the pursuit of spiritual growth and divine favor.
91,Ash-Shams,الشمس,1,Surat Ash-Shams the 91st chapter of the Quran reflects on the profound cosmic order and the divine balance inherent in the universe. Opening with a series of oaths the surah draws attention to the sun the moon the day the night the sky and the earth as witnesses to the truth of God's design. The verses emphasize the moral responsibility of individuals and their potential for both righteousness and corruption. The surah conveys a powerful message about the consequences of human choices urging reflection on the natural world as a testament to God's wisdom and the inherent moral compass within each individual. It serves as a reminder of the interconnectedness of the physical and metaphysical realms encouraging believers to recognize the signs of God's existence and guidance in the world around them.
92,Al-Lail,الليل,1,Surat Al-Lail the 92nd chapter of the Quran is a profound and eloquent revelation that emphasizes the consequences of human actions and the ultimate reward or punishment in the Hereafter. The surah opens with a solemn oath by the night and what it enshrouds symbolizing the unseen aspects of life and the mysteries of the human soul. It highlights the contrasting paths of righteousness and wickedness with a focus on the significance of selfless deeds and the pursuit of virtue. The surah portrays the journey of human development and moral evolution warning against the pitfalls of arrogance and self-sufficiency. Throughout Surat Al-Lail serves as a powerful reminder of the divine justice that awaits individuals based on their choices and deeds in this worldly existence.
93,Ad-Dhuha,الضحى,1,Surat Ad-Dhuha the 93rd chapter of the Quran is a powerful and reassuring revelation that emphasizes divine mercy and guidance. Comprising 11 verses it addresses the Prophet Muhammad assuring him that after a period of apparent silence from Allah blessings and rewards will come abundantly. The surah encourages gratitude for past favors patience during challenges and a focus on the greater purpose of life. It serves as a source of comfort reminding believers that Allah's support is unwavering and hardships are temporary. The imagery of morning and night symbolizes life's cycles signifying the inevitability of positive change and the importance of trusting in the divine plan. Overall Surat Ad-Dhuha inspires hope resilience and gratitude promoting a deeper connection with Allah during both prosperous and challenging times.
94,Al-Inshirah,الشرح,1,Surat Al-Inshirah also known as "The Relief" or "Solace" is the 94th chapter of the Quran. Comprising eight verses it serves as a profound and uplifting revelation delivered to the Prophet Muhammad during a period of personal and collective difficulty. The surah begins with an assurance of divine support and comfort for the Prophet emphasizing that with hardship comes ease. It encourages gratitude and patience in times of adversity highlighting the cyclical nature of life's challenges and blessings. Al-Inshirah serves as a source of solace instilling hope and resilience in the hearts of believers by reminding them of Allah's mercy and the ultimate relief that follows trials.
95,At-Tin,التين,1,Surat At-Tin the 95th chapter of the Quran is a brief yet profound revelation consisting of eight verses. Translated as "The Fig" this surah emphasizes the inherent beauty and balance in Allah's creation. It begins by highlighting the significance of the fig and the olive symbolic of divine wisdom and purity. The surah then asserts that humans are created in the best form but their potential for degradation is evident when they deviate from righteousness. At-Tin underscores the importance of faith and righteous deeds warning of consequences for those who reject truth. The surah serves as a reminder of the intricate design of the universe and the divine guidance offered to humanity for a purposeful and virtuous existence.
96,Al-Alaq,العلق,1,Surat Al-Alaq the 96th chapter of the Quran holds significant spiritual and historical importance. Revealed in the early days of Prophet Muhammad's prophethood it emphasizes the divine origins of knowledge and the importance of education. The surah begins with the command to "Read" and highlights the creation of humans from a clot of blood underscoring the miraculous nature of human life. Al-Alaq also conveys the consequences of rejecting divine guidance warning of the pitfalls of arrogance and neglecting the pursuit of knowledge. The surah serves as a powerful reminder of the transformative impact of seeking knowledge and recognizing the divine wisdom inherent in creation.
97,Al-Qadr,القدر,1,Surat Al-Qadr the 97th chapter of the Quran is a brief yet powerful revelation that holds profound significance in Islam. Comprising just five verses it is recited during the last ten nights of Ramadan commemorating the night of Laylat al-Qadr (the Night of Power or Decree) a night described as better than a thousand months. The surah emphasizes the extraordinary nature of this sacred night during which angels descend carrying divine decrees and blessings. Believers are encouraged to seek the blessings and mercy of Allah during this auspicious time recognizing the immense value and spiritual potential inherent in Laylat al-Qadr. The chapter underscores the Quranic belief in the predetermined destiny of individuals reinforcing the idea that guidance and decisions come from a higher divine source.
98,Al-Bayyina,البينة,1,Surat Al-Bayyina the 98th chapter of the Quran is a profound and eloquent revelation that emphasizes the clarity of divine guidance. The title "Al-Bayyina" translates to "The Clear Evidence" and the surah underscores the importance of unequivocal proof in recognizing the truth of God's message. It commends the People of the Book who upon receiving the Prophet Muhammad's teachings acknowledged the validity of his message. Conversely it condemns those who reject the evident signs and warns of the consequences of disbelief. The surah underscores the significance of sincere faith righteous deeds and adherence to God's commandments as the pathway to salvation. Through its eloquent verses Surat Al-Bayyina serves as a timeless reminder of the clarity and coherence of divine guidance encouraging believers to reflect on the signs and submit to the undeniable truth of Islam.
99,Al-Zalzala,الزلزلة,1,Surat Al-Zalzala the 99th chapter of the Quran meaning "The Earthquake" vividly portrays the cataclysmic events of the Day of Judgment. The surah begins by describing the earth's convulsions and its disclosure of its burdens as well as the deeds of humanity illustrating the meticulous recording of every individual's actions. It emphasizes the gravity of even the smallest deeds suggesting that on that day people will witness their deeds and the divine justice will be manifested. The surah further underscores the concept of accountability with individuals being shown a detailed record of their deeds. Al-Zalzala serves as a powerful reminder of the ultimate reckoning and the significance of leading a righteous life in preparation for the Hereafter.
100,Al-Adiyat,العاديات,1,Surat Al-Adiyat the 100th chapter of the Quran is a powerful and evocative passage that vividly describes the tumultuous scenes of battle emphasizing the ungratefulness and heedlessness of humans towards their Creator. The surah opens with a portrayal of galloping warhorses striking fear into the hearts of the disbelievers as they charge into battle with a thunderous sound. The imagery serves as a metaphor for the reckoning that awaits those who ignore the signs of God's existence and reject the guidance provided. Al-Adiyat urges reflection on the transient nature of life the accountability of deeds and the ultimate Day of Judgment emphasizing the importance of gratitude and mindfulness in acknowledging God's mercy and guidance amidst the trials and tribulations of existence.
101,Al-Qaria,القارعة,1,Surat Al-Qaria also known as "The Striking Calamity" or "The Day of Noise and Clamor" is the 101st chapter of the Quran. It vividly describes the Day of Judgment emphasizing the profound impact it will have on all of humanity. The surah draws attention to the pivotal event when people's deeds will be weighed and scrutinized leading to either a contented or woeful existence in the afterlife. The striking imagery in the verses serves as a powerful reminder of the consequences of one's actions and the ultimate accountability that awaits every soul. Through its eloquent language Surat Al-Qaria aims to instill a sense of awe reflection and moral consciousness in the hearts of its readers underscoring the significance of leading a righteous life in preparation for the inevitable Day of Reckoning.
102,At-Takathur,التكاثر,1,Surat At-Takathur is the 102nd chapter of the Quran consisting of eight verses. Translated as "The Rivalry in Worldly Increase" or "The Piling Up of Wealth" it emphasizes the distraction and preoccupation of humans with material wealth and worldly competition diverting them from the ultimate purpose of life. The surah serves as a reminder of the transient nature of worldly possessions and the importance of focusing on spiritual growth and the afterlife. It encourages self-reflection on one's priorities and the consequences of neglecting the divine path in pursuit of ephemeral gains. Overall Surat At-Takathur underscores the significance of a balanced perspective that aligns with the values of faith and righteousness.
103,Al-Asr,العصر,1,Surat Al-Asr the 103rd chapter of the Quran is a brief yet profound passage consisting of three verses. It emphasizes the essence of time as a witness to the fundamental principles of faith righteous deeds and mutual counsel for truth and patience. The surah underscores the fleeting nature of human existence and highlights the critical importance of utilizing time wisely in pursuing virtuous actions and fostering communal guidance. Through its succinct verses Surah Al-Asr serves as a powerful reminder of the temporal nature of life and the significance of adhering to moral and ethical values in the face of challenges promoting a holistic understanding of the human journey towards spiritual fulfillment and societal harmony.
104,Al-Humaza,الهمزة,1,Surat Al-Humaza the 104th chapter of the Quran is a brief but powerful revelation that addresses the consequences of backbiting and slander. The name "Al-Humaza" translates to "The Slanderer" or "The One Who Backbites" and the surah vividly depicts the destructive nature of such actions. It condemns those who amass wealth and indulge in worldly pursuits without consideration for ethical conduct. The surah warns that on the Day of Judgment people will face the consequences of their deeds and the torment of Hell awaits those who engaged in harmful gossip and spoke ill of others. Overall Surah Al-Humaza serves as a poignant reminder of the importance of mindfulness in speech and conduct emphasizing the accountability individuals will face in the Hereafter for their actions and words in this world.
105,Al-fil,الفيل,1,Surat Al-Fil is the 105th chapter of the Quran consisting of five verses. It recounts the historical event of the destruction of the army led by Abraha the Abyssinian ruler who attempted to attack the Kaaba in Mecca with elephants. The surah highlights the divine intervention that protected the sacred sanctuary as Allah sent birds carrying stones to destroy the invading forces. Surat Al-Fil serves as a reminder of Allah's power and protection emphasizing the significance of faith and trust in the divine will. The narrative underscores the vulnerability of those who oppose the divine order and the ultimate supremacy of Allah's plan in preserving His sacred places.
106,Quraish, قريش,1,Surat Quraish the 106th chapter of the Quran is a brief yet powerful chapter consisting of four verses. It emphasizes the blessings and provisions bestowed upon the Quraysh tribe by Allah underscoring the importance of gratitude and acknowledging the divine source of sustenance. The Surah serves as a reminder to the Quraysh and by extension to all believers of the merciful care provided by Allah encouraging them to worship Him alone and recognize His benevolence in their lives. The concise and eloquent verses of Surah Quraish carry a profound message of gratitude humility and reliance on the divine for sustenance.
107,Al-Maun,الماعون,1,Surat Al-Ma'un the 107th chapter of the Quran is a brief yet powerful passage that emphasizes the fundamental values of compassion and social responsibility in Islam. The surah highlights the importance of small acts of kindness and assistance to others underscoring that true faith is manifested in practical deeds that benefit the community. It condemns those who neglect their fellow human beings and fail to fulfill basic societal obligations portraying a stark contrast between genuine piety and superficial religiosity. The message of Surat Al-Ma'un serves as a timeless reminder for believers to engage in acts of goodness and charity fostering a sense of communal well-being and reinforcing the moral fabric of society.
108,Al-Kauther,الكوثر,1,Surat Al-Kauther the 108th chapter of the Quran is a brief yet profound revelation that holds deep spiritual significance in Islam. Comprising only three verses it emphasizes the abundance of divine blessings and mercy bestowed upon the Prophet Muhammad (peace be upon him). The term "Al-Kauther" itself translates to "abundance" or "goodness" symbolizing the multitude of blessings that Allah has granted to the Prophet. The surah underscores the importance of gratitude and devotion to Allah urging believers to offer prayers and sacrifices in His name. Through its concise verses Surat Al-Kauther serves as a reminder of the limitless generosity of Allah and encourages believers to reflect on the significance of spiritual abundance in their lives.
109,Al-Kafiroon,الكافرون,1,Surat Al-Kafirun the 109th chapter of the Quran is a short but impactful chapter that emphasizes the clear distinction between the belief of Muslims and the disbelief of non-believers. The surah succinctly conveys the Islamic concept of monotheism and rejects any form of polytheism or association of partners with Allah. It serves as a powerful declaration of the uncompromising faith of Muslims urging them to remain steadfast in their beliefs despite the opposition or rejection from those who do not share their faith. The verses encapsulate the essence of Islamic monotheism highlighting the irreconcilable differences between the paths of believers and disbelievers.
110,An-Nasr,النصر,1,Surat An-Nasr the 110th chapter of the Quran is a brief and profound revelation that emphasizes the concept of divine assistance and the ultimate victory granted by Allah. Comprising only three verses the surah is believed to have been revealed in the later stages of Prophet Muhammad's life in Medina. It opens with an announcement of a clear and imminent triumph urging believers to glorify and seek forgiveness from their Lord. The surah serves as a reminder of the transitory nature of life and the importance of gratitude and devotion to Allah who bestows success and support to those who follow His guidance. The concise yet powerful verses convey a message of hope gratitude and acknowledgment of the Divine's role in shaping the destiny of believers.
111,Al-Masadd,المسد,1,Surat Al-Masad also known as Surah Al-Lahab is the 111th chapter of the Quran. It is a brief but powerful surah that denounces Abu Lahab the uncle of the Prophet Muhammad and his wife Umm Jamil for their opposition to Islam. The surah vividly describes the fate that awaits them in the afterlife emphasizing the consequences of their disbelief and hostility towards the Prophet. Despite its brevity Surah Al-Masad serves as a stern warning about the consequences of rejecting the message of Islam and highlights the divine justice that will prevail in the hereafter.
112,Al-Ikhlas,الإخلاص,1,Surat Al-Ikhlas the 112th chapter of the Quran is a concise yet profound declaration of the oneness and uniqueness of Allah. Comprising four verses it emphasizes the absolute unity of God transcending any comparison or association with created beings. The surah conveys the concept of Tawhid highlighting that Allah is self-sufficient eternal and incomparable. It serves as a powerful reminder for believers to recognize and worship the one true God devoid of any partners or rivals. Surat Al-Ikhlas encapsulates the essence of monotheism providing a succinct and clear affirmation of the core principle of Islamic faith.
113,Al-Falaq,الفلق,1,Surat Al-Falaq the 113th chapter of the Quran is a short yet powerful chapter that seeks refuge and protection from the evils of the unseen world. Comprising five verses it emphasizes seeking Allah's safeguard against the darkness of ignorance jealousy and malevolent forces. The Surah underscores the recognition of Allah as the ultimate protector and the importance of relying on Him for refuge from harm. With its concise verses Surah Al-Falaq serves as a spiritual guide encouraging believers to turn to Allah in times of vulnerability and to place their trust in His divine protection against the various adversities that may exist beyond human perception.
114,An-Nas,الناس,1,Surat An-Nas the 114th chapter of the Quran is a brief yet powerful invocation seeking refuge in Allah from the evil whispers and influences of the unseen forces. Comprising six verses it emphasizes the inherent vulnerability of humanity to negative external influences urging believers to seek Allah's protection against the whispers of Satan and malevolent beings. The surah serves as a reminder of the constant need for divine guidance and safeguarding against spiritual harm encouraging Muslims to turn to Allah in moments of vulnerability and to cultivate a steadfast reliance on Him for protection and guidance in their daily lives.